id,created_at,district,avg_price_$,median_price_$,min_price_$,max_price_$,listings_count
1,2025-02-07 16:59:07.993337+00,Aabdelle,200000,200000,200000,200000,1
2,2025-02-07 16:59:08.123561+00,Aabeidat,319285,250000,120000,800000,7
3,2025-02-07 16:59:08.28521+00,Aabrine,240000,265000,80000,350000,4
4,2025-02-07 16:59:08.458719+00,Aalmat El Janoubiyeh,40000,40000,40000,40000,1
5,2025-02-07 16:59:08.615829+00,Aamchit,509726,182500,55000,4435000,84
6,2025-02-07 16:59:08.719546+00,Aannaya,360714,170000,65000,1300000,21
7,2025-02-07 16:59:08.835242+00,Aaoukar,327449,223499,85000,1200000,20
8,2025-02-07 16:59:08.950931+00,Aaraiya,337499,337499,285000,389999,2
9,2025-02-07 16:59:09.072792+00,Aatchane,511285,226250,109999,1800000,14
10,2025-02-07 16:59:09.1753+00,Aayoun El Siman,2499999,2499999,2499999,2499999,1
11,2025-02-07 16:59:09.280851+00,Aayroun,900000,900000,900000,900000,1
12,2025-02-07 16:59:09.493496+00,Abediyeh,837500,837500,175000,1500000,2
13,2025-02-07 16:59:09.609118+00,Abou Samra,86666,85000,75000,100000,3
14,2025-02-07 16:59:09.711383+00,Achkout,247777,200000,100000,500000,9
15,2025-02-07 16:59:09.81343+00,Achrafieh,850137,570000,100000,25500000,918
16,2025-02-07 16:59:09.918089+00,Adlieh,363749,363749,227499,500000,2
17,2025-02-07 16:59:10.039415+00,Adma,925811,550000,600,15000000,95
18,2025-02-07 16:59:10.149967+00,Adonis,287604,150000,54999,3000000,24
19,2025-02-07 16:59:10.254795+00,Aicha Bakkar,329000,310000,310000,390000,5
20,2025-02-07 16:59:10.351984+00,Ain Aalaq,236111,215000,124999,370000,9
21,2025-02-07 16:59:10.46494+00,Ain Aar,597956,370000,150000,2800000,46
22,2025-02-07 16:59:10.561229+00,Ain Al Remmane,281000,295000,150000,475000,5
23,2025-02-07 16:59:10.699706+00,Ain Alak,1314666,1200000,1144000,1600000,3
24,2025-02-07 16:59:10.793185+00,Ain Anoub,171400,185000,67000,250000,5
25,2025-02-07 16:59:10.890871+00,Ain El Remmaneh (Baabda),189272,163499,52000,374999,22
26,2025-02-07 16:59:10.992796+00,Ain El Rihani,338000,350000,130000,460000,5
27,2025-02-07 16:59:11.115672+00,Ain El Rihany,205000,220000,135000,260000,3
28,2025-02-07 16:59:11.217737+00,Ain El Rimmaneh,250000,250000,250000,250000,1
29,2025-02-07 16:59:11.326808+00,Ain Jrein,180000,180000,180000,180000,1
30,2025-02-07 16:59:11.433828+00,Ain Kfaa,128333,160000,45000,180000,3
31,2025-02-07 16:59:11.563758+00,Ain Najem,900600,900600,350000,1451200,2
32,2025-02-07 16:59:11.667797+00,Ain Najm,398124,309999,280000,900000,8
33,2025-02-07 16:59:11.791035+00,Ain Saadeh,681396,400000,173000,5500000,86
34,2025-02-07 16:59:11.895577+00,Ain al-Mraiseh,1100766,662500,338000,4900000,30
35,2025-02-07 16:59:12.006466+00,Ain el Marj,1900000,1900000,1900000,1900000,1
36,2025-02-07 16:59:12.109203+00,Aintoura,229999,229999,109999,350000,2
37,2025-02-07 16:59:12.220233+00,Airport area,666250,666250,666250,666250,1
38,2025-02-07 16:59:12.325801+00,Aitat,920000,445000,290000,2500000,4
39,2025-02-07 16:59:12.423607+00,Ajaltoun,529086,250000,99999,2800000,58
40,2025-02-07 16:59:12.532087+00,Al Jamhour,457142,430000,295000,650000,7
41,2025-02-07 16:59:12.639072+00,Al Mina,107500,107500,95000,120000,2
42,2025-02-07 16:59:12.762929+00,Al Nakhle,104666,105000,85000,155000,15
43,2025-02-07 16:59:12.876845+00,Al Qalamoun,350000,350000,350000,350000,1
44,2025-02-07 16:59:12.97648+00,Al Zarif,221666,175000,140000,350000,3
45,2025-02-07 16:59:13.0759+00,Aleleh,375000,375000,375000,375000,1
46,2025-02-07 16:59:13.162956+00,Aley,225000,137500,125000,500000,4
47,2025-02-07 16:59:13.263975+00,Amaret Chalhoub,2200000,2200000,2200000,2200000,1
48,2025-02-07 16:59:13.386251+00,Anfe,730000,600000,190000,1400000,3
49,2025-02-07 16:59:13.4985+00,Antelias,553249,249999,65000,5500000,68
50,2025-02-07 16:59:13.597831+00,Aoukar,606538,400000,80000,1250000,13
51,2025-02-07 16:59:13.698161+00,Aramoun,125000,125000,125000,125000,1
52,2025-02-07 16:59:13.816631+00,Arayia,1450000,1250000,700000,2400000,3
53,2025-02-07 16:59:13.912871+00,Arsoun,650000,650000,650000,650000,1
54,2025-02-07 16:59:14.021146+00,Ashkout,324999,324999,149999,499999,2
55,2025-02-07 16:59:14.129479+00,Assia,330000,330000,330000,330000,1
56,2025-02-07 16:59:14.249355+00,Ayroun,342500,342500,342500,342500,1
57,2025-02-07 16:59:14.345271+00,Azmi,100000,100000,75000,125000,2
58,2025-02-07 16:59:14.458081+00,Azra,367000,440000,145000,500000,5
59,2025-02-07 16:59:14.572585+00,Baabda,646327,550000,145000,4700000,110
60,2025-02-07 16:59:14.670615+00,Baabdat,554482,407500,600,2000000,112
61,2025-02-07 16:59:14.772977+00,Baatouta,767000,767000,767000,767000,1
62,2025-02-07 16:59:14.878881+00,Badaro,660794,600000,190000,1800000,39
63,2025-02-07 16:59:15.000354+00,Bakich,170625,186250,120000,190000,4
64,2025-02-07 16:59:15.126059+00,Ballouneh,357811,255000,62999,3750000,106
65,2025-02-07 16:59:15.224778+00,Baouchriyeh,174374,155000,130000,260000,8
66,2025-02-07 16:59:15.326219+00,Barbara,2372555,750000,68000,16000000,9
67,2025-02-07 16:59:15.433458+00,Barghoun,2200000,2200000,2200000,2200000,1
68,2025-02-07 16:59:15.526852+00,Basbina,188093,150000,120000,400000,16
69,2025-02-07 16:59:15.626077+00,Baskinta,155999,155999,135000,176999,2
70,2025-02-07 16:59:15.737702+00,Batha,1210000,1210000,420000,2000000,2
71,2025-02-07 16:59:15.846074+00,Batroun,602954,200000,54999,31000000,122
72,2025-02-07 16:59:15.944919+00,Bchamoun,125000,110000,90000,180000,5
73,2025-02-07 16:59:16.156104+00,Bcheale,1000000,1000000,1000000,1000000,1
74,2025-02-07 16:59:16.257907+00,Bchelli,200499,118499,65000,500000,4
75,2025-02-07 16:59:16.374322+00,Bechmizzine,550000,550000,550000,550000,1
76,2025-02-07 16:59:16.474739+00,Bechtelida,3550000,3550000,3550000,3550000,1
77,2025-02-07 16:59:16.577605+00,Beit Chabeb,642500,410000,105000,2200000,10
78,2025-02-07 16:59:16.672962+00,Beit Chlala,2000000,2000000,2000000,2000000,1
79,2025-02-07 16:59:16.775013+00,Beit El Kikko,441124,350000,129000,1070000,8
80,2025-02-07 16:59:16.878814+00,Beit Hebak,175000,175000,150000,200000,2
81,2025-02-07 16:59:17.016047+00,Beit Meri,592711,349999,144999,4300000,64
82,2025-02-07 16:59:17.143156+00,Beit Misk,800625,432500,390000,2000000,8
83,2025-02-07 16:59:17.238321+00,Beit el Chaar,511763,357500,110000,3120000,38
84,2025-02-07 16:59:17.332954+00,Bejje,373000,400000,119000,600000,3
85,2025-02-07 16:59:17.43437+00,Bejjeh,210000,210000,210000,210000,1
86,2025-02-07 16:59:17.537645+00,Bekaatat Achkout,196999,164999,76999,449999,6
87,2025-02-07 16:59:17.638067+00,Bekhaaz,200000,200000,200000,200000,1
88,2025-02-07 16:59:17.75267+00,Bentaael,638142,611000,170000,2000000,7
89,2025-02-07 16:59:17.863058+00,Bentael,426000,159000,119000,1000000,3
90,2025-02-07 16:59:17.961333+00,Berbara,1540291,795875,300000,5900000,6
91,2025-02-07 16:59:18.11512+00,Betchay,380000,380000,380000,380000,1
92,2025-02-07 16:59:18.216044+00,Bhamdoun,499000,499000,499000,499000,1
93,2025-02-07 16:59:18.311745+00,Bhamdoun Al Mhatta,3999999,3999999,3999999,3999999,1
94,2025-02-07 16:59:18.414752+00,Bharsaf,416562,299999,150000,850000,16
95,2025-02-07 16:59:18.52008+00,Bhorsaf,707000,300000,135000,2500000,5
96,2025-02-07 16:59:18.630917+00,Biakout,122500,122500,115000,130000,2
97,2025-02-07 16:59:18.833027+00,Biaqout,367499,247499,105000,2500000,26
98,2025-02-07 16:59:18.946617+00,Bijdarfel,191666,195000,60000,320000,3
99,2025-02-07 16:59:19.059777+00,Bikfaiya,606999,309999,130000,3000000,12
100,2025-02-07 16:59:19.192959+00,Bikfaya,1528709,904800,680000,6000000,11
101,2025-02-07 16:59:19.321671+00,Bir Hasan,500000,500000,500000,500000,1
102,2025-02-07 16:59:19.419408+00,Bir Hassan,572500,482500,450000,875000,4
103,2025-02-07 16:59:19.530491+00,Biyada,810909,800000,390000,1200000,11
104,2025-02-07 16:59:19.647038+00,Bkerke,500000,500000,500000,500000,1
105,2025-02-07 16:59:19.764395+00,Blat,329347,182500,65000,3000000,92
106,2025-02-07 16:59:19.867799+00,Blaybel,144999,142499,99999,199999,6
107,2025-02-07 16:59:19.970114+00,Bliss,2200000,2200000,2200000,2200000,1
108,2025-02-07 16:59:20.063915+00,Bnichaai,990000,990000,990000,990000,1
109,2025-02-07 16:59:20.183526+00,Bolonia,328333,150000,85000,750000,3
110,2025-02-07 16:59:20.280743+00,Bouar,238849,150000,115000,900000,20
111,2025-02-07 16:59:20.392816+00,Bouchrieh,1359444,265000,65000,15000000,18
112,2025-02-07 16:59:20.492165+00,Boulevard,200000,200000,200000,200000,1
113,2025-02-07 16:59:20.588194+00,Bourj Hammoud,435000,435000,120000,750000,2
114,2025-02-07 16:59:20.719898+00,Boutchay,204821,190000,134999,359999,28
115,2025-02-07 16:59:20.842182+00,Bqaatouta,260000,260000,260000,260000,1
116,2025-02-07 16:59:20.943063+00,Bqennaya,303333,385000,135000,419999,9
117,2025-02-07 16:59:21.044658+00,Bqosmaiya,850000,850000,850000,850000,1
118,2025-02-07 16:59:21.14833+00,Braij,410000,130000,100000,3000000,20
119,2025-02-07 16:59:21.250881+00,Brazilia,844000,760000,550000,1170000,5
120,2025-02-07 16:59:21.35398+00,Broumana,502708,430000,170000,1400000,24
121,2025-02-07 16:59:21.456019+00,Broummana,423215,350000,134999,2100000,65
122,2025-02-07 16:59:21.553836+00,Bsaba (Baabda),137142,134999,80000,200000,7
123,2025-02-07 16:59:21.656281+00,Bsalim,386931,305000,104000,5000000,154
124,2025-02-07 16:59:21.760144+00,Bsefrine,145250,144750,141500,150000,4
125,2025-02-07 16:59:21.859691+00,Bsous,329165,227499,89999,960000,6
126,2025-02-07 16:59:21.968798+00,Bteghrine,300000,300000,300000,300000,1
127,2025-02-07 16:59:22.064834+00,Btouratij,107857,108000,92000,125000,7
128,2025-02-07 16:59:22.16873+00,Burj Abi Haidar,380000,220000,160000,1100000,5
129,2025-02-07 16:59:22.275537+00,Bzebdine,126400,126400,126400,126400,1
130,2025-02-07 16:59:22.375798+00,Chabtine,100000,100000,100000,100000,2
131,2025-02-07 16:59:22.478599+00,Chahtoul,766666,825000,275000,1200000,3
132,2025-02-07 16:59:22.583459+00,Chamat,230000,230000,230000,230000,1
133,2025-02-07 16:59:22.68168+00,Charles Malek,646000,650000,460000,850000,5
134,2025-02-07 16:59:22.779879+00,Chekka,663000,490000,125000,1300000,5
135,2025-02-07 16:59:22.930642+00,Chemlan,435333,257000,149000,900000,3
136,2025-02-07 16:59:23.047006+00,Chikhane,612500,190000,130000,3250000,8
137,2025-02-07 16:59:23.180568+00,Chiyah,1200000,1200000,1200000,1200000,1
138,2025-02-07 16:59:23.318427+00,Chnaneir,1174999,1174999,349999,2000000,2
139,2025-02-07 16:59:23.537377+00,Choueifat,976333,120000,109000,2700000,3
140,2025-02-07 16:59:23.637319+00,Chouf,60000,60000,60000,60000,1
141,2025-02-07 16:59:23.759937+00,Chouit,184999,184999,184999,184999,1
142,2025-02-07 16:59:23.877511+00,Chwaya,435000,435000,370000,500000,2
143,2025-02-07 16:59:23.992029+00,Clemenceau,1115769,875000,450000,3200000,13
144,2025-02-07 16:59:24.107269+00,Cola,250000,250000,250000,250000,1
145,2025-02-07 16:59:24.204122+00,Dahr El Sawan,701333,530000,230000,1344000,3
146,2025-02-07 16:59:24.297072+00,Dahr El Souane,589374,450000,220000,3500000,24
147,2025-02-07 16:59:24.398843+00,Dam Wa Farz,278571,200000,125000,760000,21
148,2025-02-07 16:59:24.514652+00,Daroun Harissa,192500,192500,135000,250000,2
149,2025-02-07 16:59:24.62757+00,Dawhet Aramoun,190857,160000,154000,297000,7
150,2025-02-07 16:59:24.735179+00,Dawhet El Hoss,283333,285000,250000,315000,3
151,2025-02-07 16:59:24.829062+00,Daychounieh,268750,272500,180000,350000,4
152,2025-02-07 16:59:24.930072+00,Dbayeh,816470,499999,120000,9000000,167
153,2025-02-07 16:59:25.027882+00,Dbayeh Waterfront,1050000,1050000,700000,1400000,2
154,2025-02-07 16:59:25.145467+00,Deir Al Qamar,370260,330000,230000,666300,5
155,2025-02-07 16:59:25.254718+00,Deir El Ahmar,430000,430000,430000,430000,1
156,2025-02-07 16:59:25.354568+00,Deir Qoubel,237000,140000,90000,600000,5
157,2025-02-07 16:59:25.464169+00,Dekwaneh,213823,162500,100000,500000,34
158,2025-02-07 16:59:25.569067+00,Dekweneh,1425647,420000,130000,13700000,17
159,2025-02-07 16:59:25.673736+00,Dhour Choueir,426666,450000,180000,580000,6
160,2025-02-07 16:59:25.786866+00,Dibbiyeh,275000,275000,275000,275000,1
161,2025-02-07 16:59:25.894291+00,Dik El Mehdi,411153,290000,105000,3600000,52
162,2025-02-07 16:59:25.999573+00,Dlebta,513000,550000,105000,1100000,5
163,2025-02-07 16:59:26.19317+00,Dora,689000,530000,135000,1200000,5
164,2025-02-07 16:59:26.287191+00,Douar,175846,121000,100000,648000,26
165,2025-02-07 16:59:26.383955+00,Down Town,2352333,1850000,400000,8000000,93
166,2025-02-07 16:59:26.51368+00,Edde,275642,192500,100000,1500000,28
167,2025-02-07 16:59:26.625054+00,Ehmej,218272,250000,26000,375000,11
168,2025-02-07 16:59:26.724752+00,Ehmez,90000,90000,90000,90000,1
169,2025-02-07 16:59:26.824684+00,El Biyada,694016,650000,250000,3600000,119
170,2025-02-07 16:59:26.928185+00,Elissar,508400,385000,155000,3000000,20
171,2025-02-07 16:59:27.057917+00,Faitroun,825833,609999,114999,2500000,6
172,2025-02-07 16:59:27.158191+00,Faiyadiyeh,870000,870000,340000,1400000,2
173,2025-02-07 16:59:27.258051+00,Fakra,863452,375000,85000,5000000,21
174,2025-02-07 16:59:27.368966+00,Falougha,70000,70000,70000,70000,1
175,2025-02-07 16:59:27.469802+00,Fanar,287913,249999,125000,1100000,58
176,2025-02-07 16:59:27.567186+00,Faqra,1261388,665000,150000,9900000,72
177,2025-02-07 16:59:27.67031+00,Faraya,400309,310000,69999,1500000,71
178,2025-02-07 16:59:27.767168+00,Fassouh,750000,750000,750000,750000,1
179,2025-02-07 16:59:27.867073+00,Fatqa,1244583,327500,95000,18000000,24
180,2025-02-07 16:59:27.972001+00,Faytroun,822333,500000,115000,2600000,21
181,2025-02-07 16:59:28.0805+00,Fidar,1582846,483000,150000,13000000,13
182,2025-02-07 16:59:28.182564+00,Fiyadiye,530000,530000,160000,900000,2
183,2025-02-07 16:59:28.306094+00,Furn El Chebbak,274642,250000,89999,800000,14
184,2025-02-07 16:59:28.401776+00,Geitawi,275000,265000,240000,330000,4
185,2025-02-07 16:59:28.500749+00,Gemayzeh,604444,450000,250000,1550000,9
186,2025-02-07 16:59:28.600623+00,Ghadir,412714,245000,95000,4600000,28
187,2025-02-07 16:59:28.705791+00,Ghalboun,625000,625000,490000,760000,2
188,2025-02-07 16:59:28.80288+00,Gharzouz,337500,352500,160000,485000,4
189,2025-02-07 16:59:28.904314+00,Ghazir,1713214,497500,75000,12500000,28
190,2025-02-07 16:59:29.001476+00,Ghbale,350000,350000,100000,600000,2
191,2025-02-07 16:59:29.099967+00,Ghedras,145000,145000,120000,170000,2
192,2025-02-07 16:59:29.201915+00,Gherfine,466312,207500,77000,1700000,16
193,2025-02-07 16:59:29.306273+00,Ghine,131666,140000,115000,140000,3
194,2025-02-07 16:59:29.413534+00,Ghineh,396665,219999,149999,819999,3
195,2025-02-07 16:59:29.514694+00,Ghosta,384999,282499,105000,850000,8
196,2025-02-07 16:59:29.615171+00,Hadad,220000,220000,220000,220000,1
197,2025-02-07 16:59:29.734733+00,Hadath,429912,290000,110000,2700000,23
198,2025-02-07 16:59:29.834926+00,Halat,766384,260000,50000,16000000,78
199,2025-02-07 16:59:29.941541+00,Hamat,1791666,450000,225000,4700000,3
200,2025-02-07 16:59:30.046898+00,Hamra,926969,650000,125000,4100000,33
201,2025-02-07 16:59:30.153363+00,Haqel,331875,80000,60000,2080000,8
202,2025-02-07 16:59:30.258489+00,Haret El Bellan,179999,179999,179999,179999,1
203,2025-02-07 16:59:30.376171+00,Haret El Sett,348000,348000,246000,450000,2
204,2025-02-07 16:59:30.479572+00,Haret Hreik,165000,165000,165000,165000,1
205,2025-02-07 16:59:30.577354+00,Haret Sakher,317249,255000,80000,1800000,40
206,2025-02-07 16:59:30.680606+00,Hasbaiyya Baabda,395000,395000,395000,395000,2
207,2025-02-07 16:59:30.790618+00,Hasbaya,69500,69500,69500,69500,1
208,2025-02-07 16:59:30.91207+00,Hazmieh,682016,525000,100000,2999999,116
209,2025-02-07 16:59:31.022743+00,Hboub,253820,175000,90000,2750000,117
210,2025-02-07 16:59:31.139488+00,Hbous,588636,425000,135000,2500000,11
211,2025-02-07 16:59:31.319921+00,Hemlaya,232500,232500,185000,280000,2
212,2025-02-07 16:59:31.426625+00,Horch Tabet,854499,520000,190000,4500000,20
213,2025-02-07 16:59:31.534132+00,Horsh Tabet,766666,815000,110000,1400000,6
214,2025-02-07 16:59:31.649288+00,Hosrayel,547857,130000,99999,3675000,14
215,2025-02-07 16:59:31.758016+00,Hotel Dieu,400000,400000,400000,400000,1
216,2025-02-07 16:59:31.866994+00,Hrajel,416000,250000,70000,1200000,5
217,2025-02-07 16:59:31.978772+00,Hsarat,300000,300000,300000,300000,1
218,2025-02-07 16:59:32.076699+00,Hsoun,808333,325000,100000,2000000,3
219,2025-02-07 16:59:32.179209+00,Ijdabra,230000,230000,230000,230000,1
220,2025-02-07 16:59:32.277355+00,Jaj,1372500,645000,200000,4000000,4
221,2025-02-07 16:59:32.386614+00,Jal el Dib,297976,240000,60000,3000000,87
222,2025-02-07 16:59:32.486003+00,Jamhour,489486,425000,140000,1400000,39
223,2025-02-07 16:59:32.586641+00,Jbeil,561119,220000,53000,10000000,172
224,2025-02-07 16:59:32.681967+00,Jdabra,150000,150000,150000,150000,1
225,2025-02-07 16:59:32.780989+00,Jdayel,302777,185000,100000,950000,9
226,2025-02-07 16:59:32.934392+00,Jdeideh,252124,205000,103000,1300000,32
227,2025-02-07 16:59:33.046171+00,Jeddayel,220000,220000,220000,220000,1
228,2025-02-07 16:59:33.152782+00,Jeita,375281,265000,130000,3500000,32
229,2025-02-07 16:59:33.320482+00,Jisr El Bacha,680000,470000,155000,1625000,4
230,2025-02-07 16:59:33.446461+00,Jnah,990434,900000,525000,2000000,23
231,2025-02-07 16:59:33.551886+00,Jounieh,1173189,275000,97500,17999999,29
232,2025-02-07 16:59:33.656864+00,Jouret Al Ballout,479138,199499,134999,6500000,36
233,2025-02-07 16:59:33.779798+00,Jouret El Termos,125000,125000,125000,125000,1
234,2025-02-07 16:59:33.88215+00,Jrebta,155000,155000,155000,155000,1
235,2025-02-07 16:59:34.013527+00,Kaakour,339000,350000,180000,487000,3
236,2025-02-07 16:59:34.147036+00,Kafarakab,230000,230000,230000,230000,1
237,2025-02-07 16:59:34.252792+00,Kaftoun,550000,550000,550000,550000,1
238,2025-02-07 16:59:34.383939+00,Kahale,2053332,287499,149999,11000000,6
239,2025-02-07 16:59:34.499022+00,Karakol Druz,225000,225000,225000,225000,1
240,2025-02-07 16:59:34.629075+00,Karantina,4190000,4190000,1480000,6900000,2
241,2025-02-07 16:59:34.744896+00,Kaskas,502857,460000,430000,790000,7
242,2025-02-07 16:59:34.853164+00,Kaslik,264749,249999,82999,600000,28
243,2025-02-07 16:59:34.965826+00,Kfar Aabida,1166611,265000,80000,12000000,18
244,2025-02-07 16:59:35.063346+00,Kfar Hata,840000,840000,840000,840000,1
245,2025-02-07 16:59:35.160438+00,Kfar Hazir,625000,625000,625000,625000,1
246,2025-02-07 16:59:35.258829+00,Kfar Kida,975000,975000,450000,1500000,2
247,2025-02-07 16:59:35.365483+00,Kfar Yassine,144999,100000,84999,250000,3
248,2025-02-07 16:59:35.463183+00,Kfardebian,428359,330000,140000,1650000,22
249,2025-02-07 16:59:35.55994+00,Kfarhbab,397088,330000,500,1080000,17
250,2025-02-07 16:59:35.661579+00,Kfarshima,932499,932499,164999,1700000,2
251,2025-02-07 16:59:35.769783+00,Kfaryassine,2780000,360000,180000,7800000,3
252,2025-02-07 16:59:35.867644+00,Kfarzebian,465740,350000,100000,1415000,27
253,2025-02-07 16:59:35.980258+00,Kfifane,825000,825000,825000,825000,1
254,2025-02-07 16:59:36.077245+00,Kfoun,204333,75000,38000,500000,3
255,2025-02-07 16:59:36.196891+00,Kfour,486250,272500,130000,1200000,12
256,2025-02-07 16:59:36.297894+00,Kfour (Kesrouane),892999,550000,285000,1700000,5
257,2025-02-07 16:59:36.402007+00,Khenchara,447500,447500,395000,500000,2
258,2025-02-07 16:59:36.498595+00,Klayaat,255933,250000,59999,650000,15
259,2025-02-07 16:59:36.59959+00,Kniseh (Baabda),149000,149000,149000,149000,1
260,2025-02-07 16:59:36.695551+00,Konaytra,250000,250000,250000,250000,1
261,2025-02-07 16:59:36.790698+00,Koraytem,579333,560000,220000,1550000,15
262,2025-02-07 16:59:36.887525+00,Kornet Chehwan,503129,350000,100000,2335000,100
263,2025-02-07 16:59:37.033344+00,Koura,93000,93000,93000,93000,1
264,2025-02-07 16:59:37.147869+00,Kousba,83000,83000,83000,83000,1
265,2025-02-07 16:59:37.247349+00,Laqlouq,237523,190000,57000,700000,43
266,2025-02-07 16:59:37.485539+00,Lehfed,171500,137500,70000,390000,14
267,2025-02-07 16:59:37.605583+00,Louaize,387222,370000,225000,750000,9
268,2025-02-07 16:59:37.717797+00,Louaizeh,668384,340000,200000,6500000,39
269,2025-02-07 16:59:37.815551+00,Maad,300000,300000,300000,300000,1
270,2025-02-07 16:59:37.928386+00,Maameltein,228000,240000,82000,350000,4
271,2025-02-07 16:59:38.029315+00,Maaysra,142800,149500,75000,200000,10
272,2025-02-07 16:59:38.164818+00,Maaysrah,310000,310000,310000,310000,1
273,2025-02-07 16:59:38.270725+00,Mahmerch,260000,260000,145000,375000,2
274,2025-02-07 16:59:38.383762+00,Majdel Tarchich,53500,53500,32000,75000,2
275,2025-02-07 16:59:38.492282+00,Majdla,350000,350000,350000,350000,1
276,2025-02-07 16:59:38.586491+00,Manara (Beirut),1562857,1200000,640000,2750000,7
277,2025-02-07 16:59:38.682279+00,Mansourieh,327795,230000,70000,3249999,162
278,2025-02-07 16:59:38.780872+00,Mar Chaaya,576239,429999,160000,5000000,25
279,2025-02-07 16:59:38.898115+00,Mar Elias,408863,420000,160000,600000,22
280,2025-02-07 16:59:39.00463+00,Mar Mikhael,494666,525000,170000,900000,15
281,2025-02-07 16:59:39.109475+00,Mar Moussa,220000,220000,220000,220000,1
282,2025-02-07 16:59:39.217102+00,Mar Moussa El Douar,216249,182500,150000,349999,4
283,2025-02-07 16:59:39.31998+00,Mar Roukoz,314236,250000,104999,1600000,19
284,2025-02-07 16:59:39.409378+00,Mar Takla,555764,490000,128000,2100000,17
285,2025-02-07 16:59:39.523189+00,Masqa,168666,160000,140000,206000,3
286,2025-02-07 16:59:39.645534+00,Mastita,196785,149999,100000,540000,14
287,2025-02-07 16:59:39.747723+00,Mathaf,642000,642000,642000,642000,1
288,2025-02-07 16:59:39.862189+00,Mayrouba,490709,361050,84999,1080000,5
289,2025-02-07 16:59:39.949003+00,Mazraa,354999,239999,175000,650000,3
290,2025-02-07 16:59:40.044402+00,Mazraat Yachouh,303343,250000,88000,850000,67
291,2025-02-07 16:59:40.143427+00,Mazraat el Siyad,250000,250000,250000,250000,1
292,2025-02-07 16:59:40.30914+00,Mechmech,178942,118000,60000,600000,35
293,2025-02-07 16:59:40.416487+00,Mejdel,605000,605000,210000,1000000,2
294,2025-02-07 16:59:40.515982+00,Mezher,450833,484999,180000,735000,6
295,2025-02-07 16:59:40.618592+00,Mkalles,1225000,575000,250000,3500000,4
296,2025-02-07 16:59:40.717561+00,Monot,1600000,1600000,1600000,1600000,1
297,2025-02-07 16:59:40.816122+00,Monsef,962500,325000,180000,6110000,10
298,2025-02-07 16:59:40.917407+00,Monteverde,768857,512500,80000,9000000,110
299,2025-02-07 16:59:41.018287+00,Mradiye,95000,95000,95000,95000,1
300,2025-02-07 16:59:41.119078+00,Mreijat,220000,220000,220000,220000,1
301,2025-02-07 16:59:41.234935+00,Mrouj,295000,295000,295000,295000,1
302,2025-02-07 16:59:41.378537+00,Msaytbeh,483333,500000,435000,515000,3
303,2025-02-07 16:59:41.475193+00,Mtayleb,660811,587500,163000,5200000,122
304,2025-02-07 16:59:41.608219+00,Mtein,413750,245000,175000,990000,4
305,2025-02-07 16:59:41.707336+00,Naas,798600,840000,550000,1000000,5
306,2025-02-07 16:59:41.820954+00,Nabay,696055,177500,95000,6790000,18
307,2025-02-07 16:59:41.94147+00,Nabey,326272,220000,150000,1300000,11
308,2025-02-07 16:59:42.044348+00,Naccache,579821,375000,180000,2500000,28
309,2025-02-07 16:59:42.136409+00,Nahr El Mot,270000,270000,120000,420000,2
310,2025-02-07 16:59:42.238505+00,Nahr Ibrahim,587965,210000,93000,3590000,29
311,2025-02-07 16:59:42.368998+00,Nakabet Atebba,250000,250000,250000,250000,1
312,2025-02-07 16:59:42.469277+00,Nammoura,325000,325000,325000,325000,1
313,2025-02-07 16:59:42.572067+00,Naqqache,474454,315000,110000,3500000,55
314,2025-02-07 16:59:42.668839+00,New Mar Takla,626666,550000,410000,1200000,6
315,2025-02-07 16:59:42.766778+00,New Rawda,144090,125000,64999,250000,11
316,2025-02-07 16:59:42.860745+00,Nowayri,202000,195000,150000,300000,5
317,2025-02-07 16:59:42.966785+00,Obaydat,360000,360000,360000,360000,1
318,2025-02-07 16:59:43.098477+00,Okaybe,140000,140000,140000,140000,1
319,2025-02-07 16:59:43.197229+00,Ouyoun Al Simen,656756,400000,135000,5000000,37
320,2025-02-07 16:59:43.310375+00,Ouyoun Broummana,376079,334999,125000,749999,25
321,2025-02-07 16:59:43.44104+00,Qalaa,540000,540000,540000,540000,1
322,2025-02-07 16:59:43.547474+00,Qannabet Broumana,440833,407500,280000,675000,6
323,2025-02-07 16:59:43.653491+00,Qartaba,825000,825000,825000,825000,1
324,2025-02-07 16:59:43.752474+00,Qartaboun,138571,150000,100000,170000,7
325,2025-02-07 16:59:43.86619+00,Qennabet Baabdat,237444,180000,135000,650000,9
326,2025-02-07 16:59:43.972647+00,Qennabet Broummana,499999,560000,114999,720000,15
327,2025-02-07 16:59:44.075347+00,Qornet El Hamra,520941,180000,105000,3000000,17
328,2025-02-07 16:59:44.186954+00,Qortada,300000,300000,300000,300000,1
329,2025-02-07 16:59:44.301183+00,Qortadah,180000,180000,180000,180000,1
330,2025-02-07 16:59:44.396678+00,Raachine,200000,200000,100000,300000,3
331,2025-02-07 16:59:44.500586+00,Raashine,120000,120000,120000,120000,1
332,2025-02-07 16:59:44.602426+00,Rabieh,1913795,1160000,225000,15000000,127
333,2025-02-07 16:59:44.699867+00,Rabweh,419253,360000,95000,1950000,95
334,2025-02-07 16:59:44.812028+00,Racha,200000,200000,200000,200000,1
335,2025-02-07 16:59:44.913474+00,Ramlet al-Baydah,1349166,1050000,700000,3750000,18
336,2025-02-07 16:59:45.007314+00,Ras Beirut,1133045,800000,70000,7500000,66
337,2025-02-07 16:59:45.112566+00,Ras El Nabeh,503571,427500,85000,1500000,28
338,2025-02-07 16:59:45.223918+00,Ras Maska,162857,160000,140000,185000,7
339,2025-02-07 16:59:45.358571+00,Ras Nahache,600000,600000,600000,600000,1
340,2025-02-07 16:59:45.469594+00,Ras Osta,130083,102500,48000,320000,12
341,2025-02-07 16:59:45.609739+00,Rawche,2939583,3049999,550000,10000000,24
342,2025-02-07 16:59:45.703033+00,Rawda,295000,295000,295000,295000,1
343,2025-02-07 16:59:45.816941+00,Rayfoun,987333,612500,290000,2799999,6
344,2025-02-07 16:59:45.942067+00,Rechdibbine,100000,100000,100000,100000,1
345,2025-02-07 16:59:46.048968+00,Rihaniyeh,983333,850000,650000,1450000,3
346,2025-02-07 16:59:46.153673+00,Rmeil,769000,769000,769000,769000,1
347,2025-02-07 16:59:46.260342+00,Roumie,1003125,490000,165000,3500000,8
348,2025-02-07 16:59:46.358508+00,Roumieh,344285,270000,230000,850000,7
349,2025-02-07 16:59:46.457432+00,Sabtieh,120000,120000,120000,120000,1
350,2025-02-07 16:59:46.549906+00,Sabtiyeh,602599,155000,133000,2199999,5
351,2025-02-07 16:59:46.653104+00,Sad El Baouchriye,1306666,1000000,220000,2700000,3
352,2025-02-07 16:59:46.758679+00,Sad El Baouchriyeh,147499,127500,85000,249999,4
353,2025-02-07 16:59:46.857086+00,Safra,208352,140000,74999,600000,17
354,2025-02-07 16:59:46.950833+00,Sahel Alma,619180,419999,120000,5000000,86
355,2025-02-07 16:59:47.063433+00,Saifi,1282486,899000,270000,6900000,37
356,2025-02-07 16:59:47.182823+00,Saint Nicolas,1283333,1150000,1000000,1700000,3
357,2025-02-07 16:59:47.299185+00,Saki Rechmaya,363500,363500,105000,622000,2
358,2025-02-07 16:59:47.397962+00,Salim Slam,251000,250000,120000,335000,5
359,2025-02-07 16:59:47.495045+00,Salima,320000,320000,320000,320000,1
360,2025-02-07 16:59:47.591503+00,Sanayeh,634999,580000,334999,1200000,14
361,2025-02-07 16:59:47.684597+00,Sarba,561000,195000,65000,2500000,15
362,2025-02-07 16:59:47.878735+00,Sarba (Kesrouane),191285,160000,100000,434000,7
363,2025-02-07 16:59:47.979828+00,Sasine,1807826,2200000,300000,2923480,3
364,2025-02-07 16:59:48.076546+00,Sassine,2594560,1550000,990000,6288240,4
365,2025-02-07 16:59:48.171743+00,Saydeh,900000,900000,900000,900000,1
366,2025-02-07 16:59:48.270809+00,Sehayleh,263347,205000,59999,2000000,72
367,2025-02-07 16:59:48.368747+00,Shayle,256636,205000,60000,1000000,22
368,2025-02-07 16:59:48.46581+00,Sin El Fil,1076466,400000,96000,4500000,30
369,2025-02-07 16:59:48.565089+00,Sioufi,672999,500000,279999,3000000,19
370,2025-02-07 16:59:48.673826+00,Smar Jbail,380000,380000,380000,380000,1
371,2025-02-07 16:59:48.774692+00,Sodeco,1035000,1035000,770000,1300000,2
372,2025-02-07 16:59:48.869548+00,Spears,2641250,1400000,765000,7000000,4
373,2025-02-07 16:59:48.964606+00,St. Nicholas,1500000,1500000,1500000,1500000,1
374,2025-02-07 16:59:49.068797+00,Tabaris,733333,750000,700000,750000,3
375,2025-02-07 16:59:49.186364+00,Tabarja,527552,202500,37000,5250000,38
376,2025-02-07 16:59:49.286547+00,Tannourine,215880,89400,55000,600000,5
377,2025-02-07 16:59:49.383166+00,Tarchich,93333,95000,65000,120000,3
378,2025-02-07 16:59:49.50546+00,Tariq El Jdideh,205000,180000,150000,285000,3
379,2025-02-07 16:59:49.623129+00,Thoum,275000,275000,275000,275000,1
380,2025-02-07 16:59:49.755548+00,Tilal Ain Saade,207237,173125,105000,412500,20
381,2025-02-07 16:59:49.851556+00,Tourzaiya,181000,181000,97000,265000,2
382,2025-02-07 16:59:49.951326+00,Tripoli,121666,115000,85000,165000,3
383,2025-02-07 16:59:50.049726+00,Unesco,933333,950000,800000,1050000,3
384,2025-02-07 16:59:50.155406+00,Verdun,1668653,775000,330000,21000000,26
385,2025-02-07 16:59:50.271823+00,Wadi Chahrour,280624,157499,89999,825000,8
386,2025-02-07 16:59:50.376601+00,Wata El Joz,976300,610300,48000,2698000,12
387,2025-02-07 16:59:50.483651+00,Wetwait,360000,360000,360000,360000,1
388,2025-02-07 16:59:50.575736+00,Yahchouch,575000,185000,100000,1440000,3
389,2025-02-07 16:59:50.68068+00,Yarzeh,1275973,999999,300000,9000000,120
390,2025-02-07 16:59:50.787212+00,Zaarour,442217,240000,100000,3600000,23
391,2025-02-07 16:59:50.917766+00,Zahle,1465000,1465000,430000,2500000,2
392,2025-02-07 16:59:51.014478+00,Zahrieh,134999,134999,134999,134999,1
393,2025-02-07 16:59:51.165848+00,Zalka,290132,220000,949,1700000,75
394,2025-02-07 16:59:51.280093+00,Zandouqa,265000,265000,265000,265000,1
395,2025-02-07 16:59:51.380895+00,Zandouqah,215000,155000,150000,400000,4
396,2025-02-07 16:59:51.480001+00,Zaraoun,87500,87500,87500,87500,1
397,2025-02-07 16:59:51.577898+00,Zebdine,142500,130000,110000,200000,4
398,2025-02-07 16:59:51.680997+00,Zeitoun,331500,331500,100000,563000,2
399,2025-02-07 16:59:51.779945+00,Zikrit,229791,155000,85000,1100000,24
400,2025-02-07 16:59:51.877294+00,Zouk El Kharab,450000,450000,450000,450000,1
401,2025-02-07 16:59:51.972034+00,Zouk Mikael,460173,190000,67999,6000000,46
402,2025-02-07 16:59:52.083931+00,Zouk Mosbeh,424984,179999,84999,7500000,63
403,2025-02-07 16:59:52.191958+00,Zoukak al Blat,875000,875000,850000,900000,2
404,2025-02-07 16:59:52.295993+00,abed al-wahab inglizi,1853333,1400000,320000,4700000,6
405,2025-02-07 16:59:52.392995+00,ain al-tineh,932500,700000,330000,2000000,4
406,2025-02-07 16:59:52.49965+00,bakish,547500,220000,150000,1600000,4
407,2025-02-07 16:59:52.600529+00,chnaniir,1351923,850000,110000,4000000,13
408,2025-02-07 16:59:52.705473+00,furn al-hayek,480000,480000,480000,480000,1
409,2025-02-07 16:59:52.821852+00,kfarhbeib,480636,375000,170000,3075000,44
410,2025-02-07 16:59:52.927215+00,okaybe,980000,100000,85000,4000000,7
411,2025-02-07 16:59:53.0371+00,sakiet al-janzeer,614000,590000,300000,1000000,5
412,2025-02-07 16:59:53.202608+00,sursock,1918000,1000000,600000,5500000,5
413,2025-02-07 16:59:53.301943+00,tallet al-khayat,1215000,1350000,660000,1500000,4
